"Pathway","Overlap","Pathway_Size","P_value","Genes","padj"
"EPITHELIAL MESENCHYMAL TRANSITION",8,27,0.00873415624981828,"ZEB1, VCAN, COL3A1, MMP2, COL1A2, COL5A1, COL6A3, MMP9",0.0873415624981828
"INTERFERON GAMMA RESPONSE",4,17,0.121451734505208,"IFIT3, IFIT2, IFIT1, B2M",0.413448143807456
"ANGIOGENESIS",4,19,0.165379257522982,"COL3A1, TEK, LUM, POSTN",0.413448143807456
"INFLAMMATORY RESPONSE",4,19,0.165379257522982,"TLR4, TLR2, TNF, IL6",0.413448143807456
"COAGULATION",3,17,0.307557180405951,"ANXA1, PLAU, FGB",0.615114360811903
"COMPLEMENT SYSTEM",3,19,0.373357897368784,"CFH, CD55, C1S",0.622263162281307
"TNFA SIGNALING VIA NFKB",2,20,0.685119242132586,"BIRC2, IL6",0.978741774475123
"HYPOXIA",0,19,1,"",1
"GLYCOLYSIS",0,19,1,"",1
"ALLOGRAFT REJECTION",0,17,1,"",1
